日,日付,時刻,記録者,対応,必要な場合だけ補足,次に確認すること,引き継ぎ済み
Day 1,YYYY-MM-DD,HH:MM,養育者A,授乳・ミルク／おむつ／抱っこ等,,,
Day 1,YYYY-MM-DD,HH:MM,養育者B,授乳・ミルク／おむつ／抱っこ等,,,
Day 1,YYYY-MM-DD,HH:MM,養育者A,授乳・ミルク／おむつ／抱っこ等,,,
Day 1,YYYY-MM-DD,HH:MM,養育者B,授乳・ミルク／おむつ／抱っこ等,,,
Day 2,YYYY-MM-DD,HH:MM,養育者A,授乳・ミルク／おむつ／抱っこ等,,,
Day 2,YYYY-MM-DD,HH:MM,養育者B,授乳・ミルク／おむつ／抱っこ等,,,
Day 2,YYYY-MM-DD,HH:MM,養育者A,授乳・ミルク／おむつ／抱っこ等,,,
Day 2,YYYY-MM-DD,HH:MM,養育者B,授乳・ミルク／おむつ／抱っこ等,,,
Day 3,YYYY-MM-DD,HH:MM,養育者A,授乳・ミルク／おむつ／抱っこ等,,,
Day 3,YYYY-MM-DD,HH:MM,養育者B,授乳・ミルク／おむつ／抱っこ等,,,
Day 3,YYYY-MM-DD,HH:MM,養育者A,授乳・ミルク／おむつ／抱っこ等,,,
Day 3,YYYY-MM-DD,HH:MM,養育者B,授乳・ミルク／おむつ／抱っこ等,,,
Day 4,YYYY-MM-DD,HH:MM,養育者A,授乳・ミルク／おむつ／抱っこ等,,,
Day 4,YYYY-MM-DD,HH:MM,養育者B,授乳・ミルク／おむつ／抱っこ等,,,
Day 4,YYYY-MM-DD,HH:MM,養育者A,授乳・ミルク／おむつ／抱っこ等,,,
Day 4,YYYY-MM-DD,HH:MM,養育者B,授乳・ミルク／おむつ／抱っこ等,,,
Day 5,YYYY-MM-DD,HH:MM,養育者A,授乳・ミルク／おむつ／抱っこ等,,,
Day 5,YYYY-MM-DD,HH:MM,養育者B,授乳・ミルク／おむつ／抱っこ等,,,
Day 5,YYYY-MM-DD,HH:MM,養育者A,授乳・ミルク／おむつ／抱っこ等,,,
Day 5,YYYY-MM-DD,HH:MM,養育者B,授乳・ミルク／おむつ／抱っこ等,,,
Day 6,YYYY-MM-DD,HH:MM,養育者A,授乳・ミルク／おむつ／抱っこ等,,,
Day 6,YYYY-MM-DD,HH:MM,養育者B,授乳・ミルク／おむつ／抱っこ等,,,
Day 6,YYYY-MM-DD,HH:MM,養育者A,授乳・ミルク／おむつ／抱っこ等,,,
Day 6,YYYY-MM-DD,HH:MM,養育者B,授乳・ミルク／おむつ／抱っこ等,,,
Day 7,YYYY-MM-DD,HH:MM,養育者A,授乳・ミルク／おむつ／抱っこ等,,,
Day 7,YYYY-MM-DD,HH:MM,養育者B,授乳・ミルク／おむつ／抱っこ等,,,
Day 7,YYYY-MM-DD,HH:MM,養育者A,授乳・ミルク／おむつ／抱っこ等,,,
Day 7,YYYY-MM-DD,HH:MM,養育者B,授乳・ミルク／おむつ／抱っこ等,,,
